<?xml version="1.0" encoding="utf-8"?>
<configuration>
    <property resource="logback.properties"/>
    <appender name="CONSOLE-LOG" class="ch.qos.logback.core.ConsoleAppender">
        <layout class="ch.qos.logback.classic.PatternLayout">
            <pattern>%d [%t] %-5p [%c] - %m%n</pattern>
        </layout>
    </appender>
    <!--收集除error级别以外的日志-->
    <appender name="INFO-LOG" class="ch.qos.logback.core.rolling.RollingFileAppender">
        <filter class="ch.qos.logback.classic.filter.LevelFilter">
            <level>ERROR</level>
            <onMatch>DENY</onMatch>
            <onMismatch>ACCEPT</onMismatch>
        </filter>
        <encoder>
            <pattern>%d [%t] %-5p [%c] - %m%n</pattern>
        </encoder>

        <!--滚动策略-->
        <rollingPolicy class="ch.qos.logback.core.rolling.TimeBasedRollingPolicy">
            <!--路径-->
            <fileNamePattern>${LOG_INFO_HOME}//%d.log</fileNamePattern>
            <maxHistory>30</maxHistory>
        </rollingPolicy>
    </appender>
    <appender name="ERROR-LOG" class="ch.qos.logback.core.rolling.RollingFileAppender">
        <filter class="ch.qos.logback.classic.filter.ThresholdFilter">
            <level>ERROR</level>
        </filter>
        <encoder>
            <pattern>%d [%t] %-5p [%c] - %m%n</pattern>
        </encoder>
        <!--滚动策略-->
        <rollingPolicy class="ch.qos.logback.core.rolling.TimeBasedRollingPolicy">
            <!--路径-->
            <fileNamePattern>${LOG_ERROR_HOME}//%d.log</fileNamePattern>
            <maxHistory>30</maxHistory>
        </rollingPolicy>
    </appender>
    <!-- 异步输出 -->
    <appender name="ASYNC-INFO" class="ch.qos.logback.classic.AsyncAppender">
        <!-- 不丢失日志.默认的,如果队列的80%已满,则会丢弃TRACT、DEBUG、INFO级别的日志 -->
        <discardingThreshold>0</discardingThreshold>
        <!-- 更改默认的队列的深度,该值会影响性能.默认值为256 -->
        <queueSize>256</queueSize>
        <!-- 添加附加的appender,最多只能添加一个 -->
        <appender-ref ref="INFO-LOG"/>
    </appender>

    <appender name="ASYNC-ERROR" class="ch.qos.logback.classic.AsyncAppender">
        <!-- 不丢失日志.默认的,如果队列的80%已满,则会丢弃TRACT、DEBUG、INFO级别的日志 -->
        <discardingThreshold>0</discardingThreshold>
        <!-- 更改默认的队列的深度,该值会影响性能.默认值为256 -->
        <queueSize>256</queueSize>
        <!-- 添加附加的appender,最多只能添加一个 -->
        <appender-ref ref="ERROR-LOG"/>
    </appender>

    <root level="info">
        <appender-ref ref="CONSOLE-LOG" />
        <!--<appender-ref ref="INFO-LOG" />-->
        <!--<appender-ref ref="ERROR-LOG" />-->
        <!--异步输出日志-->
        <appender-ref ref="ASYNC-INFO" />
        <appender-ref ref="ASYNC-ERROR" />
    </root>
</configuration>
